sale_id,product_id,supplier_id,model,product_type,price_usd,year,month,sales_qty,revenue_usd,lead_time_days
1,1,1,KS-7A,Screw,1800.0,2022,1,6,10800.0,50
2,1,1,KS-7A,Screw,1800.0,2022,2,9,16200.0,29
3,1,1,KS-7A,Screw,1800.0,2022,3,10,18000.0,52
4,1,1,KS-7A,Screw,1800.0,2022,4,12,21600.0,29
5,1,1,KS-7A,Screw,1800.0,2022,5,10,18000.0,15
6,1,1,KS-7A,Screw,1800.0,2022,6,10,18000.0,19
7,1,1,KS-7A,Screw,1800.0,2022,7,9,16200.0,60
8,1,1,KS-7A,Screw,1800.0,2022,8,14,25200.0,55
9,1,1,KS-7A,Screw,1800.0,2022,9,12,21600.0,18
10,1,1,KS-7A,Screw,1800.0,2022,10,11,19800.0,29
11,1,1,KS-7A,Screw,1800.0,2022,11,6,10800.0,19
12,1,1,KS-7A,Screw,1800.0,2022,12,10,18000.0,17
13,1,1,KS-7A,Screw,1800.0,2023,1,9,16200.0,36
14,1,1,KS-7A,Screw,1800.0,2023,2,6,10800.0,19
15,1,1,KS-7A,Screw,1800.0,2023,3,7,12600.0,47
16,1,1,KS-7A,Screw,1800.0,2023,4,10,18000.0,30
17,1,1,KS-7A,Screw,1800.0,2023,5,12,21600.0,32
18,1,1,KS-7A,Screw,1800.0,2023,6,14,25200.0,57
19,1,1,KS-7A,Screw,1800.0,2023,7,12,21600.0,46
20,1,1,KS-7A,Screw,1800.0,2023,8,11,19800.0,28
21,1,1,KS-7A,Screw,1800.0,2023,9,12,21600.0,49
22,1,1,KS-7A,Screw,1800.0,2023,10,8,14400.0,23
23,1,1,KS-7A,Screw,1800.0,2023,11,8,14400.0,61
24,1,1,KS-7A,Screw,1800.0,2023,12,7,12600.0,51
25,1,1,KS-7A,Screw,1800.0,2024,1,7,12600.0,51
26,1,1,KS-7A,Screw,1800.0,2024,2,9,16200.0,45
27,1,1,KS-7A,Screw,1800.0,2024,3,8,14400.0,30
28,1,1,KS-7A,Screw,1800.0,2024,4,13,23400.0,65
29,1,1,KS-7A,Screw,1800.0,2024,5,15,27000.0,45
30,1,1,KS-7A,Screw,1800.0,2024,6,11,19800.0,41
31,1,1,KS-7A,Screw,1800.0,2024,7,14,25200.0,27
32,1,1,KS-7A,Screw,1800.0,2024,8,10,18000.0,21
33,1,1,KS-7A,Screw,1800.0,2024,9,9,16200.0,21
34,1,1,KS-7A,Screw,1800.0,2024,10,14,25200.0,57
35,1,1,KS-7A,Screw,1800.0,2024,11,13,23400.0,42
36,1,1,KS-7A,Screw,1800.0,2024,12,10,18000.0,37
37,2,1,KS-15A,Screw,3200.0,2022,1,3,9600.0,42
38,2,1,KS-15A,Screw,3200.0,2022,2,3,9600.0,41
39,2,1,KS-15A,Screw,3200.0,2022,3,5,16000.0,44
40,2,1,KS-15A,Screw,3200.0,2022,4,6,19200.0,61
41,2,1,KS-15A,Screw,3200.0,2022,5,5,16000.0,18
42,2,1,KS-15A,Screw,3200.0,2022,6,7,22400.0,58
43,2,1,KS-15A,Screw,3200.0,2022,7,4,12800.0,56
44,2,1,KS-15A,Screw,3200.0,2022,8,8,25600.0,56
45,2,1,KS-15A,Screw,3200.0,2022,9,5,16000.0,21
46,2,1,KS-15A,Screw,3200.0,2022,10,6,19200.0,18
47,2,1,KS-15A,Screw,3200.0,2022,11,4,12800.0,40
48,2,1,KS-15A,Screw,3200.0,2022,12,4,12800.0,61
49,2,1,KS-15A,Screw,3200.0,2023,1,4,12800.0,36
50,2,1,KS-15A,Screw,3200.0,2023,2,3,9600.0,21
51,2,1,KS-15A,Screw,3200.0,2023,3,6,19200.0,30
52,2,1,KS-15A,Screw,3200.0,2023,4,8,25600.0,27
53,2,1,KS-15A,Screw,3200.0,2023,5,9,28800.0,27
54,2,1,KS-15A,Screw,3200.0,2023,6,9,28800.0,49
55,2,1,KS-15A,Screw,3200.0,2023,7,7,22400.0,43
56,2,1,KS-15A,Screw,3200.0,2023,8,8,25600.0,23
57,2,1,KS-15A,Screw,3200.0,2023,9,4,12800.0,42
58,2,1,KS-15A,Screw,3200.0,2023,10,4,12800.0,26
59,2,1,KS-15A,Screw,3200.0,2023,11,3,9600.0,32
60,2,1,KS-15A,Screw,3200.0,2023,12,4,12800.0,44
61,2,1,KS-15A,Screw,3200.0,2024,1,4,12800.0,30
62,2,1,KS-15A,Screw,3200.0,2024,2,3,9600.0,19
63,2,1,KS-15A,Screw,3200.0,2024,3,6,19200.0,43
64,2,1,KS-15A,Screw,3200.0,2024,4,6,19200.0,50
65,2,1,KS-15A,Screw,3200.0,2024,5,6,19200.0,21
66,2,1,KS-15A,Screw,3200.0,2024,6,8,25600.0,18
67,2,1,KS-15A,Screw,3200.0,2024,7,5,16000.0,56
68,2,1,KS-15A,Screw,3200.0,2024,8,8,25600.0,49
69,2,1,KS-15A,Screw,3200.0,2024,9,5,16000.0,15
70,2,1,KS-15A,Screw,3200.0,2024,10,8,25600.0,20
71,2,1,KS-15A,Screw,3200.0,2024,11,6,19200.0,63
72,2,1,KS-15A,Screw,3200.0,2024,12,4,12800.0,30
73,3,1,KS-37A,Screw,6500.0,2022,1,1,6500.0,25
74,3,1,KS-37A,Screw,6500.0,2022,2,2,13000.0,41
75,3,1,KS-37A,Screw,6500.0,2022,3,2,13000.0,46
76,3,1,KS-37A,Screw,6500.0,2022,4,3,19500.0,45
77,3,1,KS-37A,Screw,6500.0,2022,5,4,26000.0,28
78,3,1,KS-37A,Screw,6500.0,2022,6,2,13000.0,40
79,3,1,KS-37A,Screw,6500.0,2022,7,3,19500.0,18
80,3,1,KS-37A,Screw,6500.0,2022,8,2,13000.0,25
81,3,1,KS-37A,Screw,6500.0,2022,9,3,19500.0,39
82,3,1,KS-37A,Screw,6500.0,2022,10,3,19500.0,15
83,3,1,KS-37A,Screw,6500.0,2022,11,2,13000.0,39
84,3,1,KS-37A,Screw,6500.0,2022,12,1,6500.0,31
85,3,1,KS-37A,Screw,6500.0,2023,1,1,6500.0,65
86,3,1,KS-37A,Screw,6500.0,2023,2,1,6500.0,65
87,3,1,KS-37A,Screw,6500.0,2023,3,3,19500.0,44
88,3,1,KS-37A,Screw,6500.0,2023,4,3,19500.0,33
89,3,1,KS-37A,Screw,6500.0,2023,5,4,26000.0,42
90,3,1,KS-37A,Screw,6500.0,2023,6,3,19500.0,59
91,3,1,KS-37A,Screw,6500.0,2023,7,2,13000.0,61
92,3,1,KS-37A,Screw,6500.0,2023,8,3,19500.0,65
93,3,1,KS-37A,Screw,6500.0,2023,9,3,19500.0,50
94,3,1,KS-37A,Screw,6500.0,2023,10,3,19500.0,57
95,3,1,KS-37A,Screw,6500.0,2023,11,3,19500.0,60
96,3,1,KS-37A,Screw,6500.0,2023,12,2,13000.0,46
97,3,1,KS-37A,Screw,6500.0,2024,1,2,13000.0,24
98,3,1,KS-37A,Screw,6500.0,2024,2,2,13000.0,27
99,3,1,KS-37A,Screw,6500.0,2024,3,2,13000.0,33
100,3,1,KS-37A,Screw,6500.0,2024,4,2,13000.0,28
101,3,1,KS-37A,Screw,6500.0,2024,5,2,13000.0,18
102,3,1,KS-37A,Screw,6500.0,2024,6,4,26000.0,52
103,3,1,KS-37A,Screw,6500.0,2024,7,3,19500.0,62
104,3,1,KS-37A,Screw,6500.0,2024,8,3,19500.0,49
105,3,1,KS-37A,Screw,6500.0,2024,9,4,26000.0,18
106,3,1,KS-37A,Screw,6500.0,2024,10,2,13000.0,62
107,3,1,KS-37A,Screw,6500.0,2024,11,2,13000.0,35
108,3,1,KS-37A,Screw,6500.0,2024,12,2,13000.0,18
109,4,2,VS-10,Screw,2200.0,2022,1,4,8800.0,18
110,4,2,VS-10,Screw,2200.0,2022,2,4,8800.0,52
111,4,2,VS-10,Screw,2200.0,2022,3,6,13200.0,45
112,4,2,VS-10,Screw,2200.0,2022,4,7,15400.0,47
113,4,2,VS-10,Screw,2200.0,2022,5,13,28600.0,48
114,4,2,VS-10,Screw,2200.0,2022,6,13,28600.0,25
115,4,2,VS-10,Screw,2200.0,2022,7,11,24200.0,18
116,4,2,VS-10,Screw,2200.0,2022,8,12,26400.0,47
117,4,2,VS-10,Screw,2200.0,2022,9,11,24200.0,20
118,4,2,VS-10,Screw,2200.0,2022,10,6,13200.0,26
119,4,2,VS-10,Screw,2200.0,2022,11,9,19800.0,19
120,4,2,VS-10,Screw,2200.0,2022,12,6,13200.0,53
121,4,2,VS-10,Screw,2200.0,2023,1,7,15400.0,19
122,4,2,VS-10,Screw,2200.0,2023,2,8,17600.0,58
123,4,2,VS-10,Screw,2200.0,2023,3,7,15400.0,30
124,4,2,VS-10,Screw,2200.0,2023,4,7,15400.0,40
125,4,2,VS-10,Screw,2200.0,2023,5,9,19800.0,22
126,4,2,VS-10,Screw,2200.0,2023,6,11,24200.0,51
127,4,2,VS-10,Screw,2200.0,2023,7,12,26400.0,30
128,4,2,VS-10,Screw,2200.0,2023,8,12,26400.0,52
129,4,2,VS-10,Screw,2200.0,2023,9,6,13200.0,53
130,4,2,VS-10,Screw,2200.0,2023,10,9,19800.0,17
131,4,2,VS-10,Screw,2200.0,2023,11,7,15400.0,54
132,4,2,VS-10,Screw,2200.0,2023,12,5,11000.0,20
133,4,2,VS-10,Screw,2200.0,2024,1,4,8800.0,41
134,4,2,VS-10,Screw,2200.0,2024,2,6,13200.0,57
135,4,2,VS-10,Screw,2200.0,2024,3,10,22000.0,52
136,4,2,VS-10,Screw,2200.0,2024,4,9,19800.0,51
137,4,2,VS-10,Screw,2200.0,2024,5,12,26400.0,48
138,4,2,VS-10,Screw,2200.0,2024,6,13,28600.0,35
139,4,2,VS-10,Screw,2200.0,2024,7,10,22000.0,31
140,4,2,VS-10,Screw,2200.0,2024,8,13,28600.0,28
141,4,2,VS-10,Screw,2200.0,2024,9,13,28600.0,57
142,4,2,VS-10,Screw,2200.0,2024,10,8,17600.0,60
143,4,2,VS-10,Screw,2200.0,2024,11,8,17600.0,35
144,4,2,VS-10,Screw,2200.0,2024,12,6,13200.0,30
145,5,2,VS-22,Screw,4100.0,2022,1,2,8200.0,31
146,5,2,VS-22,Screw,4100.0,2022,2,2,8200.0,40
147,5,2,VS-22,Screw,4100.0,2022,3,3,12300.0,23
148,5,2,VS-22,Screw,4100.0,2022,4,4,16400.0,57
149,5,2,VS-22,Screw,4100.0,2022,5,3,12300.0,56
150,5,2,VS-22,Screw,4100.0,2022,6,4,16400.0,34
151,5,2,VS-22,Screw,4100.0,2022,7,5,20500.0,44
152,5,2,VS-22,Screw,4100.0,2022,8,3,12300.0,35
153,5,2,VS-22,Screw,4100.0,2022,9,3,12300.0,63
154,5,2,VS-22,Screw,4100.0,2022,10,3,12300.0,19
155,5,2,VS-22,Screw,4100.0,2022,11,4,16400.0,15
156,5,2,VS-22,Screw,4100.0,2022,12,2,8200.0,44
157,5,2,VS-22,Screw,4100.0,2023,1,3,12300.0,54
158,5,2,VS-22,Screw,4100.0,2023,2,3,12300.0,51
159,5,2,VS-22,Screw,4100.0,2023,3,3,12300.0,21
160,5,2,VS-22,Screw,4100.0,2023,4,5,20500.0,19
161,5,2,VS-22,Screw,4100.0,2023,5,4,16400.0,49
162,5,2,VS-22,Screw,4100.0,2023,6,5,20500.0,28
163,5,2,VS-22,Screw,4100.0,2023,7,5,20500.0,47
164,5,2,VS-22,Screw,4100.0,2023,8,4,16400.0,31
165,5,2,VS-22,Screw,4100.0,2023,9,3,12300.0,23
166,5,2,VS-22,Screw,4100.0,2023,10,4,16400.0,37
167,5,2,VS-22,Screw,4100.0,2023,11,3,12300.0,19
168,5,2,VS-22,Screw,4100.0,2023,12,2,8200.0,30
169,5,2,VS-22,Screw,4100.0,2024,1,2,8200.0,38
170,5,2,VS-22,Screw,4100.0,2024,2,3,12300.0,33
171,5,2,VS-22,Screw,4100.0,2024,3,4,16400.0,25
172,5,2,VS-22,Screw,4100.0,2024,4,3,12300.0,43
173,5,2,VS-22,Screw,4100.0,2024,5,5,20500.0,49
174,5,2,VS-22,Screw,4100.0,2024,6,4,16400.0,60
175,5,2,VS-22,Screw,4100.0,2024,7,5,20500.0,34
176,5,2,VS-22,Screw,4100.0,2024,8,3,12300.0,54
177,5,2,VS-22,Screw,4100.0,2024,9,5,20500.0,56
178,5,2,VS-22,Screw,4100.0,2024,10,3,12300.0,48
179,5,2,VS-22,Screw,4100.0,2024,11,4,16400.0,15
180,5,2,VS-22,Screw,4100.0,2024,12,2,8200.0,57
181,6,2,TH-100,Piston,950.0,2022,1,12,11400.0,50
182,6,2,TH-100,Piston,950.0,2022,2,11,10450.0,34
183,6,2,TH-100,Piston,950.0,2022,3,22,20900.0,57
184,6,2,TH-100,Piston,950.0,2022,4,28,26600.0,21
185,6,2,TH-100,Piston,950.0,2022,5,21,19950.0,23
186,6,2,TH-100,Piston,950.0,2022,6,28,26600.0,31
187,6,2,TH-100,Piston,950.0,2022,7,28,26600.0,22
188,6,2,TH-100,Piston,950.0,2022,8,23,21850.0,21
189,6,2,TH-100,Piston,950.0,2022,9,22,20900.0,62
190,6,2,TH-100,Piston,950.0,2022,10,16,15200.0,50
191,6,2,TH-100,Piston,950.0,2022,11,13,12350.0,24
192,6,2,TH-100,Piston,950.0,2022,12,19,18050.0,32
193,6,2,TH-100,Piston,950.0,2023,1,17,16150.0,33
194,6,2,TH-100,Piston,950.0,2023,2,16,15200.0,53
195,6,2,TH-100,Piston,950.0,2023,3,16,15200.0,28
196,6,2,TH-100,Piston,950.0,2023,4,22,20900.0,60
197,6,2,TH-100,Piston,950.0,2023,5,30,28500.0,36
198,6,2,TH-100,Piston,950.0,2023,6,34,32300.0,28
199,6,2,TH-100,Piston,950.0,2023,7,31,29450.0,58
200,6,2,TH-100,Piston,950.0,2023,8,28,26600.0,55
201,6,2,TH-100,Piston,950.0,2023,9,25,23750.0,31
202,6,2,TH-100,Piston,950.0,2023,10,15,14250.0,47
203,6,2,TH-100,Piston,950.0,2023,11,14,13300.0,46
204,6,2,TH-100,Piston,950.0,2023,12,20,19000.0,31
205,6,2,TH-100,Piston,950.0,2024,1,15,14250.0,18
206,6,2,TH-100,Piston,950.0,2024,2,11,10450.0,20
207,6,2,TH-100,Piston,950.0,2024,3,14,13300.0,55
208,6,2,TH-100,Piston,950.0,2024,4,27,25650.0,42
209,6,2,TH-100,Piston,950.0,2024,5,19,18050.0,32
210,6,2,TH-100,Piston,950.0,2024,6,22,20900.0,17
211,6,2,TH-100,Piston,950.0,2024,7,27,25650.0,15
212,6,2,TH-100,Piston,950.0,2024,8,28,26600.0,36
213,6,2,TH-100,Piston,950.0,2024,9,26,24700.0,64
214,6,2,TH-100,Piston,950.0,2024,10,18,17100.0,23
215,6,2,TH-100,Piston,950.0,2024,11,22,20900.0,55
216,6,2,TH-100,Piston,950.0,2024,12,14,13300.0,31
217,7,3,DA-7A,Screw,1650.0,2022,1,6,9900.0,25
218,7,3,DA-7A,Screw,1650.0,2022,2,9,14850.0,62
219,7,3,DA-7A,Screw,1650.0,2022,3,11,18150.0,43
220,7,3,DA-7A,Screw,1650.0,2022,4,15,24750.0,50
221,7,3,DA-7A,Screw,1650.0,2022,5,15,24750.0,60
222,7,3,DA-7A,Screw,1650.0,2022,6,15,24750.0,42
223,7,3,DA-7A,Screw,1650.0,2022,7,10,16500.0,50
224,7,3,DA-7A,Screw,1650.0,2022,8,12,19800.0,15
225,7,3,DA-7A,Screw,1650.0,2022,9,10,16500.0,22
226,7,3,DA-7A,Screw,1650.0,2022,10,9,14850.0,19
227,7,3,DA-7A,Screw,1650.0,2022,11,13,21450.0,59
228,7,3,DA-7A,Screw,1650.0,2022,12,8,13200.0,24
229,7,3,DA-7A,Screw,1650.0,2023,1,10,16500.0,49
230,7,3,DA-7A,Screw,1650.0,2023,2,9,14850.0,17
231,7,3,DA-7A,Screw,1650.0,2023,3,12,19800.0,38
232,7,3,DA-7A,Screw,1650.0,2023,4,13,21450.0,52
233,7,3,DA-7A,Screw,1650.0,2023,5,15,24750.0,50
234,7,3,DA-7A,Screw,1650.0,2023,6,15,24750.0,24
235,7,3,DA-7A,Screw,1650.0,2023,7,11,18150.0,42
236,7,3,DA-7A,Screw,1650.0,2023,8,15,24750.0,23
237,7,3,DA-7A,Screw,1650.0,2023,9,11,18150.0,17
238,7,3,DA-7A,Screw,1650.0,2023,10,8,13200.0,34
239,7,3,DA-7A,Screw,1650.0,2023,11,11,18150.0,38
240,7,3,DA-7A,Screw,1650.0,2023,12,7,11550.0,65
241,7,3,DA-7A,Screw,1650.0,2024,1,10,16500.0,17
242,7,3,DA-7A,Screw,1650.0,2024,2,11,18150.0,37
243,7,3,DA-7A,Screw,1650.0,2024,3,14,23100.0,28
244,7,3,DA-7A,Screw,1650.0,2024,4,13,21450.0,58
245,7,3,DA-7A,Screw,1650.0,2024,5,11,18150.0,30
246,7,3,DA-7A,Screw,1650.0,2024,6,20,33000.0,57
247,7,3,DA-7A,Screw,1650.0,2024,7,14,23100.0,21
248,7,3,DA-7A,Screw,1650.0,2024,8,18,29700.0,37
249,7,3,DA-7A,Screw,1650.0,2024,9,17,28050.0,64
250,7,3,DA-7A,Screw,1650.0,2024,10,15,24750.0,50
251,7,3,DA-7A,Screw,1650.0,2024,11,9,14850.0,41
252,7,3,DA-7A,Screw,1650.0,2024,12,9,14850.0,54
253,8,3,DA-22A,Screw,3900.0,2022,1,3,11700.0,62
254,8,3,DA-22A,Screw,3900.0,2022,2,3,11700.0,24
255,8,3,DA-22A,Screw,3900.0,2022,3,3,11700.0,30
256,8,3,DA-22A,Screw,3900.0,2022,4,5,19500.0,25
257,8,3,DA-22A,Screw,3900.0,2022,5,7,27300.0,26
258,8,3,DA-22A,Screw,3900.0,2022,6,6,23400.0,41
259,8,3,DA-22A,Screw,3900.0,2022,7,5,19500.0,16
260,8,3,DA-22A,Screw,3900.0,2022,8,4,15600.0,26
261,8,3,DA-22A,Screw,3900.0,2022,9,5,19500.0,62
262,8,3,DA-22A,Screw,3900.0,2022,10,6,23400.0,36
263,8,3,DA-22A,Screw,3900.0,2022,11,3,11700.0,65
264,8,3,DA-22A,Screw,3900.0,2022,12,3,11700.0,41
265,8,3,DA-22A,Screw,3900.0,2023,1,4,15600.0,57
266,8,3,DA-22A,Screw,3900.0,2023,2,4,15600.0,62
267,8,3,DA-22A,Screw,3900.0,2023,3,4,15600.0,30
268,8,3,DA-22A,Screw,3900.0,2023,4,6,23400.0,32
269,8,3,DA-22A,Screw,3900.0,2023,5,5,19500.0,25
270,8,3,DA-22A,Screw,3900.0,2023,6,5,19500.0,65
271,8,3,DA-22A,Screw,3900.0,2023,7,7,27300.0,59
272,8,3,DA-22A,Screw,3900.0,2023,8,6,23400.0,21
273,8,3,DA-22A,Screw,3900.0,2023,9,6,23400.0,39
274,8,3,DA-22A,Screw,3900.0,2023,10,6,23400.0,17
275,8,3,DA-22A,Screw,3900.0,2023,11,4,15600.0,45
276,8,3,DA-22A,Screw,3900.0,2023,12,3,11700.0,29
277,8,3,DA-22A,Screw,3900.0,2024,1,4,15600.0,27
278,8,3,DA-22A,Screw,3900.0,2024,2,4,15600.0,44
279,8,3,DA-22A,Screw,3900.0,2024,3,5,19500.0,37
280,8,3,DA-22A,Screw,3900.0,2024,4,7,27300.0,34
281,8,3,DA-22A,Screw,3900.0,2024,5,8,31200.0,65
282,8,3,DA-22A,Screw,3900.0,2024,6,6,23400.0,29
283,8,3,DA-22A,Screw,3900.0,2024,7,5,19500.0,29
284,8,3,DA-22A,Screw,3900.0,2024,8,4,15600.0,16
285,8,3,DA-22A,Screw,3900.0,2024,9,6,23400.0,57
286,8,3,DA-22A,Screw,3900.0,2024,10,3,11700.0,27
287,8,3,DA-22A,Screw,3900.0,2024,11,4,15600.0,40
288,8,3,DA-22A,Screw,3900.0,2024,12,4,15600.0,36
289,9,3,DNA-37,Variable,8200.0,2022,1,1,8200.0,32
290,9,3,DNA-37,Variable,8200.0,2022,2,1,8200.0,19
291,9,3,DNA-37,Variable,8200.0,2022,3,1,8200.0,64
292,9,3,DNA-37,Variable,8200.0,2022,4,1,8200.0,32
293,9,3,DNA-37,Variable,8200.0,2022,5,2,16400.0,37
294,9,3,DNA-37,Variable,8200.0,2022,6,2,16400.0,56
295,9,3,DNA-37,Variable,8200.0,2022,7,1,8200.0,47
296,9,3,DNA-37,Variable,8200.0,2022,8,2,16400.0,40
297,9,3,DNA-37,Variable,8200.0,2022,9,2,16400.0,58
298,9,3,DNA-37,Variable,8200.0,2022,10,1,8200.0,49
299,9,3,DNA-37,Variable,8200.0,2022,11,1,8200.0,36
300,9,3,DNA-37,Variable,8200.0,2022,12,1,8200.0,16
301,9,3,DNA-37,Variable,8200.0,2023,1,0,0.0,22
302,9,3,DNA-37,Variable,8200.0,2023,2,1,8200.0,31
303,9,3,DNA-37,Variable,8200.0,2023,3,1,8200.0,26
304,9,3,DNA-37,Variable,8200.0,2023,4,2,16400.0,52
305,9,3,DNA-37,Variable,8200.0,2023,5,2,16400.0,31
306,9,3,DNA-37,Variable,8200.0,2023,6,3,24600.0,17
307,9,3,DNA-37,Variable,8200.0,2023,7,2,16400.0,21
308,9,3,DNA-37,Variable,8200.0,2023,8,2,16400.0,53
309,9,3,DNA-37,Variable,8200.0,2023,9,2,16400.0,42
310,9,3,DNA-37,Variable,8200.0,2023,10,1,8200.0,37
311,9,3,DNA-37,Variable,8200.0,2023,11,1,8200.0,61
312,9,3,DNA-37,Variable,8200.0,2023,12,1,8200.0,65
313,9,3,DNA-37,Variable,8200.0,2024,1,1,8200.0,35
314,9,3,DNA-37,Variable,8200.0,2024,2,1,8200.0,42
315,9,3,DNA-37,Variable,8200.0,2024,3,2,16400.0,53
316,9,3,DNA-37,Variable,8200.0,2024,4,2,16400.0,47
317,9,3,DNA-37,Variable,8200.0,2024,5,2,16400.0,22
318,9,3,DNA-37,Variable,8200.0,2024,6,2,16400.0,39
319,9,3,DNA-37,Variable,8200.0,2024,7,2,16400.0,51
320,9,3,DNA-37,Variable,8200.0,2024,8,2,16400.0,27
321,9,3,DNA-37,Variable,8200.0,2024,9,2,16400.0,31
322,9,3,DNA-37,Variable,8200.0,2024,10,2,16400.0,17
323,9,3,DNA-37,Variable,8200.0,2024,11,2,16400.0,60
324,9,3,DNA-37,Variable,8200.0,2024,12,1,8200.0,42
325,10,3,DNA-75,Variable,15500.0,2022,1,0,0.0,15
326,10,3,DNA-75,Variable,15500.0,2022,2,0,0.0,48
327,10,3,DNA-75,Variable,15500.0,2022,3,0,0.0,49
328,10,3,DNA-75,Variable,15500.0,2022,4,1,15500.0,58
329,10,3,DNA-75,Variable,15500.0,2022,5,1,15500.0,61
330,10,3,DNA-75,Variable,15500.0,2022,6,1,15500.0,62
331,10,3,DNA-75,Variable,15500.0,2022,7,1,15500.0,62
332,10,3,DNA-75,Variable,15500.0,2022,8,1,15500.0,57
333,10,3,DNA-75,Variable,15500.0,2022,9,0,0.0,27
334,10,3,DNA-75,Variable,15500.0,2022,10,0,0.0,38
335,10,3,DNA-75,Variable,15500.0,2022,11,0,0.0,42
336,10,3,DNA-75,Variable,15500.0,2022,12,0,0.0,19
337,10,3,DNA-75,Variable,15500.0,2023,1,0,0.0,57
338,10,3,DNA-75,Variable,15500.0,2023,2,0,0.0,36
339,10,3,DNA-75,Variable,15500.0,2023,3,0,0.0,54
340,10,3,DNA-75,Variable,15500.0,2023,4,0,0.0,35
341,10,3,DNA-75,Variable,15500.0,2023,5,1,15500.0,57
342,10,3,DNA-75,Variable,15500.0,2023,6,1,15500.0,22
343,10,3,DNA-75,Variable,15500.0,2023,7,0,0.0,61
344,10,3,DNA-75,Variable,15500.0,2023,8,1,15500.0,34
345,10,3,DNA-75,Variable,15500.0,2023,9,1,15500.0,47
346,10,3,DNA-75,Variable,15500.0,2023,10,1,15500.0,34
347,10,3,DNA-75,Variable,15500.0,2023,11,0,0.0,57
348,10,3,DNA-75,Variable,15500.0,2023,12,0,0.0,41
349,10,3,DNA-75,Variable,15500.0,2024,1,0,0.0,35
350,10,3,DNA-75,Variable,15500.0,2024,2,0,0.0,40
351,10,3,DNA-75,Variable,15500.0,2024,3,0,0.0,59
352,10,3,DNA-75,Variable,15500.0,2024,4,1,15500.0,33
353,10,3,DNA-75,Variable,15500.0,2024,5,1,15500.0,50
354,10,3,DNA-75,Variable,15500.0,2024,6,1,15500.0,23
355,10,3,DNA-75,Variable,15500.0,2024,7,0,0.0,27
356,10,3,DNA-75,Variable,15500.0,2024,8,1,15500.0,41
357,10,3,DNA-75,Variable,15500.0,2024,9,0,0.0,57
358,10,3,DNA-75,Variable,15500.0,2024,10,1,15500.0,39
359,10,3,DNA-75,Variable,15500.0,2024,11,1,15500.0,58
360,10,3,DNA-75,Variable,15500.0,2024,12,0,0.0,62
361,11,4,JC-7.5,Piston,880.0,2022,1,13,11440.0,26
362,11,4,JC-7.5,Piston,880.0,2022,2,16,14080.0,54
363,11,4,JC-7.5,Piston,880.0,2022,3,18,15840.0,51
364,11,4,JC-7.5,Piston,880.0,2022,4,24,21120.0,34
365,11,4,JC-7.5,Piston,880.0,2022,5,33,29040.0,40
366,11,4,JC-7.5,Piston,880.0,2022,6,25,22000.0,50
367,11,4,JC-7.5,Piston,880.0,2022,7,32,28160.0,15
368,11,4,JC-7.5,Piston,880.0,2022,8,30,26400.0,34
369,11,4,JC-7.5,Piston,880.0,2022,9,18,15840.0,33
370,11,4,JC-7.5,Piston,880.0,2022,10,15,13200.0,28
371,11,4,JC-7.5,Piston,880.0,2022,11,14,12320.0,42
372,11,4,JC-7.5,Piston,880.0,2022,12,11,9680.0,65
373,11,4,JC-7.5,Piston,880.0,2023,1,11,9680.0,52
374,11,4,JC-7.5,Piston,880.0,2023,2,17,14960.0,53
375,11,4,JC-7.5,Piston,880.0,2023,3,14,12320.0,56
376,11,4,JC-7.5,Piston,880.0,2023,4,22,19360.0,35
377,11,4,JC-7.5,Piston,880.0,2023,5,33,29040.0,44
378,11,4,JC-7.5,Piston,880.0,2023,6,20,17600.0,43
379,11,4,JC-7.5,Piston,880.0,2023,7,31,27280.0,43
380,11,4,JC-7.5,Piston,880.0,2023,8,22,19360.0,58
381,11,4,JC-7.5,Piston,880.0,2023,9,18,15840.0,28
382,11,4,JC-7.5,Piston,880.0,2023,10,24,21120.0,47
383,11,4,JC-7.5,Piston,880.0,2023,11,21,18480.0,45
384,11,4,JC-7.5,Piston,880.0,2023,12,21,18480.0,65
385,11,4,JC-7.5,Piston,880.0,2024,1,17,14960.0,65
386,11,4,JC-7.5,Piston,880.0,2024,2,20,17600.0,62
387,11,4,JC-7.5,Piston,880.0,2024,3,17,14960.0,25
388,11,4,JC-7.5,Piston,880.0,2024,4,21,18480.0,57
389,11,4,JC-7.5,Piston,880.0,2024,5,33,29040.0,20
390,11,4,JC-7.5,Piston,880.0,2024,6,35,30800.0,33
391,11,4,JC-7.5,Piston,880.0,2024,7,36,31680.0,47
392,11,4,JC-7.5,Piston,880.0,2024,8,25,22000.0,57
393,11,4,JC-7.5,Piston,880.0,2024,9,23,20240.0,55
394,11,4,JC-7.5,Piston,880.0,2024,10,26,22880.0,54
395,11,4,JC-7.5,Piston,880.0,2024,11,18,15840.0,36
396,11,4,JC-7.5,Piston,880.0,2024,12,22,19360.0,20
397,12,4,JC-22S,Screw,4300.0,2022,1,3,12900.0,63
398,12,4,JC-22S,Screw,4300.0,2022,2,2,8600.0,30
399,12,4,JC-22S,Screw,4300.0,2022,3,3,12900.0,58
400,12,4,JC-22S,Screw,4300.0,2022,4,5,21500.0,34
401,12,4,JC-22S,Screw,4300.0,2022,5,3,12900.0,29
402,12,4,JC-22S,Screw,4300.0,2022,6,6,25800.0,27
403,12,4,JC-22S,Screw,4300.0,2022,7,4,17200.0,24
404,12,4,JC-22S,Screw,4300.0,2022,8,5,21500.0,16
405,12,4,JC-22S,Screw,4300.0,2022,9,3,12900.0,17
406,12,4,JC-22S,Screw,4300.0,2022,10,4,17200.0,30
407,12,4,JC-22S,Screw,4300.0,2022,11,3,12900.0,45
408,12,4,JC-22S,Screw,4300.0,2022,12,2,8600.0,54
409,12,4,JC-22S,Screw,4300.0,2023,1,3,12900.0,64
410,12,4,JC-22S,Screw,4300.0,2023,2,2,8600.0,19
411,12,4,JC-22S,Screw,4300.0,2023,3,3,12900.0,44
412,12,4,JC-22S,Screw,4300.0,2023,4,5,21500.0,41
413,12,4,JC-22S,Screw,4300.0,2023,5,6,25800.0,55
414,12,4,JC-22S,Screw,4300.0,2023,6,5,21500.0,51
415,12,4,JC-22S,Screw,4300.0,2023,7,5,21500.0,27
416,12,4,JC-22S,Screw,4300.0,2023,8,4,17200.0,60
417,12,4,JC-22S,Screw,4300.0,2023,9,3,12900.0,59
418,12,4,JC-22S,Screw,4300.0,2023,10,3,12900.0,39
419,12,4,JC-22S,Screw,4300.0,2023,11,3,12900.0,46
420,12,4,JC-22S,Screw,4300.0,2023,12,3,12900.0,40
421,12,4,JC-22S,Screw,4300.0,2024,1,3,12900.0,30
422,12,4,JC-22S,Screw,4300.0,2024,2,3,12900.0,24
423,12,4,JC-22S,Screw,4300.0,2024,3,2,8600.0,56
424,12,4,JC-22S,Screw,4300.0,2024,4,4,17200.0,59
425,12,4,JC-22S,Screw,4300.0,2024,5,3,12900.0,15
426,12,4,JC-22S,Screw,4300.0,2024,6,5,21500.0,63
427,12,4,JC-22S,Screw,4300.0,2024,7,4,17200.0,64
428,12,4,JC-22S,Screw,4300.0,2024,8,5,21500.0,21
429,12,4,JC-22S,Screw,4300.0,2024,9,4,17200.0,64
430,12,4,JC-22S,Screw,4300.0,2024,10,3,12900.0,42
431,12,4,JC-22S,Screw,4300.0,2024,11,2,8600.0,29
432,12,4,JC-22S,Screw,4300.0,2024,12,3,12900.0,26
433,13,5,VS-10,Screw,2200.0,2022,1,6,13200.0,59
434,13,5,VS-10,Screw,2200.0,2022,2,4,8800.0,48
435,13,5,VS-10,Screw,2200.0,2022,3,5,11000.0,44
436,13,5,VS-10,Screw,2200.0,2022,4,11,24200.0,18
437,13,5,VS-10,Screw,2200.0,2022,5,8,17600.0,50
438,13,5,VS-10,Screw,2200.0,2022,6,13,28600.0,30
439,13,5,VS-10,Screw,2200.0,2022,7,11,24200.0,22
440,13,5,VS-10,Screw,2200.0,2022,8,7,15400.0,44
441,13,5,VS-10,Screw,2200.0,2022,9,7,15400.0,23
442,13,5,VS-10,Screw,2200.0,2022,10,11,24200.0,44
443,13,5,VS-10,Screw,2200.0,2022,11,7,15400.0,57
444,13,5,VS-10,Screw,2200.0,2022,12,6,13200.0,48
445,13,5,VS-10,Screw,2200.0,2023,1,7,15400.0,50
446,13,5,VS-10,Screw,2200.0,2023,2,8,17600.0,53
447,13,5,VS-10,Screw,2200.0,2023,3,10,22000.0,35
448,13,5,VS-10,Screw,2200.0,2023,4,11,24200.0,63
449,13,5,VS-10,Screw,2200.0,2023,5,10,22000.0,43
450,13,5,VS-10,Screw,2200.0,2023,6,8,17600.0,54
451,13,5,VS-10,Screw,2200.0,2023,7,12,26400.0,61
452,13,5,VS-10,Screw,2200.0,2023,8,10,22000.0,47
453,13,5,VS-10,Screw,2200.0,2023,9,9,19800.0,42
454,13,5,VS-10,Screw,2200.0,2023,10,11,24200.0,50
455,13,5,VS-10,Screw,2200.0,2023,11,6,13200.0,43
456,13,5,VS-10,Screw,2200.0,2023,12,7,15400.0,25
457,13,5,VS-10,Screw,2200.0,2024,1,4,8800.0,62
458,13,5,VS-10,Screw,2200.0,2024,2,6,13200.0,45
459,13,5,VS-10,Screw,2200.0,2024,3,6,13200.0,43
460,13,5,VS-10,Screw,2200.0,2024,4,8,17600.0,31
461,13,5,VS-10,Screw,2200.0,2024,5,9,19800.0,63
462,13,5,VS-10,Screw,2200.0,2024,6,13,28600.0,30
463,13,5,VS-10,Screw,2200.0,2024,7,13,28600.0,55
464,13,5,VS-10,Screw,2200.0,2024,8,11,24200.0,32
465,13,5,VS-10,Screw,2200.0,2024,9,13,28600.0,64
466,13,5,VS-10,Screw,2200.0,2024,10,8,17600.0,64
467,13,5,VS-10,Screw,2200.0,2024,11,7,15400.0,48
468,13,5,VS-10,Screw,2200.0,2024,12,9,19800.0,46
469,14,5,VS-22,Screw,4100.0,2022,1,2,8200.0,55
470,14,5,VS-22,Screw,4100.0,2022,2,3,12300.0,30
471,14,5,VS-22,Screw,4100.0,2022,3,2,8200.0,32
472,14,5,VS-22,Screw,4100.0,2022,4,5,20500.0,43
473,14,5,VS-22,Screw,4100.0,2022,5,3,12300.0,19
474,14,5,VS-22,Screw,4100.0,2022,6,6,24600.0,60
475,14,5,VS-22,Screw,4100.0,2022,7,4,16400.0,33
476,14,5,VS-22,Screw,4100.0,2022,8,5,20500.0,30
477,14,5,VS-22,Screw,4100.0,2022,9,3,12300.0,32
478,14,5,VS-22,Screw,4100.0,2022,10,3,12300.0,36
479,14,5,VS-22,Screw,4100.0,2022,11,4,16400.0,35
480,14,5,VS-22,Screw,4100.0,2022,12,3,12300.0,49
481,14,5,VS-22,Screw,4100.0,2023,1,2,8200.0,20
482,14,5,VS-22,Screw,4100.0,2023,2,3,12300.0,23
483,14,5,VS-22,Screw,4100.0,2023,3,3,12300.0,24
484,14,5,VS-22,Screw,4100.0,2023,4,4,16400.0,29
485,14,5,VS-22,Screw,4100.0,2023,5,5,20500.0,39
486,14,5,VS-22,Screw,4100.0,2023,6,6,24600.0,59
487,14,5,VS-22,Screw,4100.0,2023,7,3,12300.0,24
488,14,5,VS-22,Screw,4100.0,2023,8,4,16400.0,60
489,14,5,VS-22,Screw,4100.0,2023,9,5,20500.0,28
490,14,5,VS-22,Screw,4100.0,2023,10,4,16400.0,19
491,14,5,VS-22,Screw,4100.0,2023,11,3,12300.0,41
492,14,5,VS-22,Screw,4100.0,2023,12,3,12300.0,41
493,14,5,VS-22,Screw,4100.0,2024,1,2,8200.0,36
494,14,5,VS-22,Screw,4100.0,2024,2,2,8200.0,49
495,14,5,VS-22,Screw,4100.0,2024,3,3,12300.0,44
496,14,5,VS-22,Screw,4100.0,2024,4,4,16400.0,41
497,14,5,VS-22,Screw,4100.0,2024,5,5,20500.0,18
498,14,5,VS-22,Screw,4100.0,2024,6,4,16400.0,28
499,14,5,VS-22,Screw,4100.0,2024,7,6,24600.0,41
500,14,5,VS-22,Screw,4100.0,2024,8,6,24600.0,39
501,14,5,VS-22,Screw,4100.0,2024,9,5,20500.0,64
502,14,5,VS-22,Screw,4100.0,2024,10,4,16400.0,52
503,14,5,VS-22,Screw,4100.0,2024,11,3,12300.0,59
504,14,5,VS-22,Screw,4100.0,2024,12,3,12300.0,16
505,15,5,TH-100,Piston,950.0,2022,1,15,14250.0,63
506,15,5,TH-100,Piston,950.0,2022,2,11,10450.0,51
507,15,5,TH-100,Piston,950.0,2022,3,22,20900.0,39
508,15,5,TH-100,Piston,950.0,2022,4,27,25650.0,45
509,15,5,TH-100,Piston,950.0,2022,5,32,30400.0,15
510,15,5,TH-100,Piston,950.0,2022,6,29,27550.0,37
511,15,5,TH-100,Piston,950.0,2022,7,25,23750.0,34
512,15,5,TH-100,Piston,950.0,2022,8,21,19950.0,63
513,15,5,TH-100,Piston,950.0,2022,9,27,25650.0,39
514,15,5,TH-100,Piston,950.0,2022,10,24,22800.0,41
515,15,5,TH-100,Piston,950.0,2022,11,12,11400.0,49
516,15,5,TH-100,Piston,950.0,2022,12,11,10450.0,62
517,15,5,TH-100,Piston,950.0,2023,1,13,12350.0,62
518,15,5,TH-100,Piston,950.0,2023,2,18,17100.0,49
519,15,5,TH-100,Piston,950.0,2023,3,24,22800.0,53
520,15,5,TH-100,Piston,950.0,2023,4,19,18050.0,29
521,15,5,TH-100,Piston,950.0,2023,5,27,25650.0,46
522,15,5,TH-100,Piston,950.0,2023,6,25,23750.0,29
523,15,5,TH-100,Piston,950.0,2023,7,32,30400.0,32
524,15,5,TH-100,Piston,950.0,2023,8,29,27550.0,42
525,15,5,TH-100,Piston,950.0,2023,9,27,25650.0,46
526,15,5,TH-100,Piston,950.0,2023,10,20,19000.0,16
527,15,5,TH-100,Piston,950.0,2023,11,17,16150.0,39
528,15,5,TH-100,Piston,950.0,2023,12,14,13300.0,36
529,15,5,TH-100,Piston,950.0,2024,1,11,10450.0,57
530,15,5,TH-100,Piston,950.0,2024,2,19,18050.0,58
531,15,5,TH-100,Piston,950.0,2024,3,23,21850.0,40
532,15,5,TH-100,Piston,950.0,2024,4,33,31350.0,61
533,15,5,TH-100,Piston,950.0,2024,5,35,33250.0,25
534,15,5,TH-100,Piston,950.0,2024,6,29,27550.0,44
535,15,5,TH-100,Piston,950.0,2024,7,30,28500.0,23
536,15,5,TH-100,Piston,950.0,2024,8,32,30400.0,54
537,15,5,TH-100,Piston,950.0,2024,9,29,27550.0,49
538,15,5,TH-100,Piston,950.0,2024,10,18,17100.0,16
539,15,5,TH-100,Piston,950.0,2024,11,19,18050.0,40
540,15,5,TH-100,Piston,950.0,2024,12,13,12350.0,52
541,16,6,KS-7A,Screw,1800.0,2022,1,9,16200.0,51
542,16,6,KS-7A,Screw,1800.0,2022,2,8,14400.0,57
543,16,6,KS-7A,Screw,1800.0,2022,3,7,12600.0,16
544,16,6,KS-7A,Screw,1800.0,2022,4,13,23400.0,20
545,16,6,KS-7A,Screw,1800.0,2022,5,14,25200.0,56
546,16,6,KS-7A,Screw,1800.0,2022,6,12,21600.0,42
547,16,6,KS-7A,Screw,1800.0,2022,7,9,16200.0,23
548,16,6,KS-7A,Screw,1800.0,2022,8,13,23400.0,44
549,16,6,KS-7A,Screw,1800.0,2022,9,11,19800.0,26
550,16,6,KS-7A,Screw,1800.0,2022,10,12,21600.0,18
551,16,6,KS-7A,Screw,1800.0,2022,11,9,16200.0,31
552,16,6,KS-7A,Screw,1800.0,2022,12,9,16200.0,39
553,16,6,KS-7A,Screw,1800.0,2023,1,7,12600.0,35
554,16,6,KS-7A,Screw,1800.0,2023,2,8,14400.0,28
555,16,6,KS-7A,Screw,1800.0,2023,3,12,21600.0,44
556,16,6,KS-7A,Screw,1800.0,2023,4,11,19800.0,35
557,16,6,KS-7A,Screw,1800.0,2023,5,10,18000.0,36
558,16,6,KS-7A,Screw,1800.0,2023,6,10,18000.0,63
559,16,6,KS-7A,Screw,1800.0,2023,7,15,27000.0,39
560,16,6,KS-7A,Screw,1800.0,2023,8,13,23400.0,32
561,16,6,KS-7A,Screw,1800.0,2023,9,13,23400.0,63
562,16,6,KS-7A,Screw,1800.0,2023,10,9,16200.0,41
563,16,6,KS-7A,Screw,1800.0,2023,11,7,12600.0,31
564,16,6,KS-7A,Screw,1800.0,2023,12,6,10800.0,20
565,16,6,KS-7A,Screw,1800.0,2024,1,7,12600.0,45
566,16,6,KS-7A,Screw,1800.0,2024,2,8,14400.0,16
567,16,6,KS-7A,Screw,1800.0,2024,3,9,16200.0,62
568,16,6,KS-7A,Screw,1800.0,2024,4,12,21600.0,49
569,16,6,KS-7A,Screw,1800.0,2024,5,18,32400.0,18
570,16,6,KS-7A,Screw,1800.0,2024,6,13,23400.0,37
571,16,6,KS-7A,Screw,1800.0,2024,7,14,25200.0,29
572,16,6,KS-7A,Screw,1800.0,2024,8,15,27000.0,56
573,16,6,KS-7A,Screw,1800.0,2024,9,11,19800.0,19
574,16,6,KS-7A,Screw,1800.0,2024,10,12,21600.0,64
575,16,6,KS-7A,Screw,1800.0,2024,11,12,21600.0,56
576,16,6,KS-7A,Screw,1800.0,2024,12,11,19800.0,17
577,17,6,KS-15A,Screw,3200.0,2022,1,3,9600.0,63
578,17,6,KS-15A,Screw,3200.0,2022,2,5,16000.0,16
579,17,6,KS-15A,Screw,3200.0,2022,3,5,16000.0,30
580,17,6,KS-15A,Screw,3200.0,2022,4,5,16000.0,27
581,17,6,KS-15A,Screw,3200.0,2022,5,7,22400.0,16
582,17,6,KS-15A,Screw,3200.0,2022,6,9,28800.0,54
583,17,6,KS-15A,Screw,3200.0,2022,7,6,19200.0,24
584,17,6,KS-15A,Screw,3200.0,2022,8,5,16000.0,30
585,17,6,KS-15A,Screw,3200.0,2022,9,6,19200.0,23
586,17,6,KS-15A,Screw,3200.0,2022,10,4,12800.0,45
587,17,6,KS-15A,Screw,3200.0,2022,11,3,9600.0,57
588,17,6,KS-15A,Screw,3200.0,2022,12,3,9600.0,22
589,17,6,KS-15A,Screw,3200.0,2023,1,3,9600.0,51
590,17,6,KS-15A,Screw,3200.0,2023,2,3,9600.0,28
591,17,6,KS-15A,Screw,3200.0,2023,3,4,12800.0,44
592,17,6,KS-15A,Screw,3200.0,2023,4,7,22400.0,59
593,17,6,KS-15A,Screw,3200.0,2023,5,6,19200.0,31
594,17,6,KS-15A,Screw,3200.0,2023,6,7,22400.0,64
595,17,6,KS-15A,Screw,3200.0,2023,7,8,25600.0,38
596,17,6,KS-15A,Screw,3200.0,2023,8,6,19200.0,25
597,17,6,KS-15A,Screw,3200.0,2023,9,7,22400.0,53
598,17,6,KS-15A,Screw,3200.0,2023,10,4,12800.0,53
599,17,6,KS-15A,Screw,3200.0,2023,11,4,12800.0,62
600,17,6,KS-15A,Screw,3200.0,2023,12,3,9600.0,60
601,17,6,KS-15A,Screw,3200.0,2024,1,3,9600.0,22
602,17,6,KS-15A,Screw,3200.0,2024,2,4,12800.0,64
603,17,6,KS-15A,Screw,3200.0,2024,3,4,12800.0,25
604,17,6,KS-15A,Screw,3200.0,2024,4,5,16000.0,34
605,17,6,KS-15A,Screw,3200.0,2024,5,6,19200.0,21
606,17,6,KS-15A,Screw,3200.0,2024,6,8,25600.0,52
607,17,6,KS-15A,Screw,3200.0,2024,7,6,19200.0,16
608,17,6,KS-15A,Screw,3200.0,2024,8,6,19200.0,34
609,17,6,KS-15A,Screw,3200.0,2024,9,6,19200.0,51
610,17,6,KS-15A,Screw,3200.0,2024,10,6,19200.0,58
611,17,6,KS-15A,Screw,3200.0,2024,11,4,12800.0,39
612,17,6,KS-15A,Screw,3200.0,2024,12,5,16000.0,40
613,18,6,KS-37A,Screw,6500.0,2022,1,2,13000.0,60
614,18,6,KS-37A,Screw,6500.0,2022,2,1,6500.0,27
615,18,6,KS-37A,Screw,6500.0,2022,3,3,19500.0,19
616,18,6,KS-37A,Screw,6500.0,2022,4,4,26000.0,52
617,18,6,KS-37A,Screw,6500.0,2022,5,2,13000.0,59
618,18,6,KS-37A,Screw,6500.0,2022,6,3,19500.0,55
619,18,6,KS-37A,Screw,6500.0,2022,7,4,26000.0,30
620,18,6,KS-37A,Screw,6500.0,2022,8,3,19500.0,21
621,18,6,KS-37A,Screw,6500.0,2022,9,2,13000.0,59
622,18,6,KS-37A,Screw,6500.0,2022,10,2,13000.0,64
623,18,6,KS-37A,Screw,6500.0,2022,11,2,13000.0,34
624,18,6,KS-37A,Screw,6500.0,2022,12,2,13000.0,58
625,18,6,KS-37A,Screw,6500.0,2023,1,2,13000.0,53
626,18,6,KS-37A,Screw,6500.0,2023,2,2,13000.0,22
627,18,6,KS-37A,Screw,6500.0,2023,3,2,13000.0,65
628,18,6,KS-37A,Screw,6500.0,2023,4,3,19500.0,51
629,18,6,KS-37A,Screw,6500.0,2023,5,2,13000.0,65
630,18,6,KS-37A,Screw,6500.0,2023,6,3,19500.0,17
631,18,6,KS-37A,Screw,6500.0,2023,7,4,26000.0,37
632,18,6,KS-37A,Screw,6500.0,2023,8,4,26000.0,49
633,18,6,KS-37A,Screw,6500.0,2023,9,3,19500.0,42
634,18,6,KS-37A,Screw,6500.0,2023,10,3,19500.0,57
635,18,6,KS-37A,Screw,6500.0,2023,11,2,13000.0,38
636,18,6,KS-37A,Screw,6500.0,2023,12,2,13000.0,19
637,18,6,KS-37A,Screw,6500.0,2024,1,2,13000.0,47
638,18,6,KS-37A,Screw,6500.0,2024,2,1,6500.0,56
639,18,6,KS-37A,Screw,6500.0,2024,3,2,13000.0,36
640,18,6,KS-37A,Screw,6500.0,2024,4,3,19500.0,15
641,18,6,KS-37A,Screw,6500.0,2024,5,2,13000.0,41
642,18,6,KS-37A,Screw,6500.0,2024,6,3,19500.0,46
643,18,6,KS-37A,Screw,6500.0,2024,7,3,19500.0,21
644,18,6,KS-37A,Screw,6500.0,2024,8,3,19500.0,42
645,18,6,KS-37A,Screw,6500.0,2024,9,2,13000.0,38
646,18,6,KS-37A,Screw,6500.0,2024,10,3,19500.0,55
647,18,6,KS-37A,Screw,6500.0,2024,11,2,13000.0,44
648,18,6,KS-37A,Screw,6500.0,2024,12,2,13000.0,60
649,19,7,JC-7.5,Piston,880.0,2022,1,16,14080.0,24
650,19,7,JC-7.5,Piston,880.0,2022,2,15,13200.0,42
651,19,7,JC-7.5,Piston,880.0,2022,3,14,12320.0,26
652,19,7,JC-7.5,Piston,880.0,2022,4,24,21120.0,61
653,19,7,JC-7.5,Piston,880.0,2022,5,27,23760.0,48
654,19,7,JC-7.5,Piston,880.0,2022,6,31,27280.0,56
655,19,7,JC-7.5,Piston,880.0,2022,7,24,21120.0,32
656,19,7,JC-7.5,Piston,880.0,2022,8,18,15840.0,54
657,19,7,JC-7.5,Piston,880.0,2022,9,20,17600.0,49
658,19,7,JC-7.5,Piston,880.0,2022,10,19,16720.0,64
659,19,7,JC-7.5,Piston,880.0,2022,11,20,17600.0,45
660,19,7,JC-7.5,Piston,880.0,2022,12,17,14960.0,44
661,19,7,JC-7.5,Piston,880.0,2023,1,13,11440.0,42
662,19,7,JC-7.5,Piston,880.0,2023,2,20,17600.0,61
663,19,7,JC-7.5,Piston,880.0,2023,3,20,17600.0,52
664,19,7,JC-7.5,Piston,880.0,2023,4,21,18480.0,32
665,19,7,JC-7.5,Piston,880.0,2023,5,21,18480.0,35
666,19,7,JC-7.5,Piston,880.0,2023,6,22,19360.0,30
667,19,7,JC-7.5,Piston,880.0,2023,7,22,19360.0,20
668,19,7,JC-7.5,Piston,880.0,2023,8,20,17600.0,32
669,19,7,JC-7.5,Piston,880.0,2023,9,19,16720.0,43
670,19,7,JC-7.5,Piston,880.0,2023,10,19,16720.0,30
671,19,7,JC-7.5,Piston,880.0,2023,11,15,13200.0,63
672,19,7,JC-7.5,Piston,880.0,2023,12,21,18480.0,44
673,19,7,JC-7.5,Piston,880.0,2024,1,11,9680.0,51
674,19,7,JC-7.5,Piston,880.0,2024,2,17,14960.0,54
675,19,7,JC-7.5,Piston,880.0,2024,3,19,16720.0,57
676,19,7,JC-7.5,Piston,880.0,2024,4,34,29920.0,39
677,19,7,JC-7.5,Piston,880.0,2024,5,22,19360.0,36
678,19,7,JC-7.5,Piston,880.0,2024,6,28,24640.0,16
679,19,7,JC-7.5,Piston,880.0,2024,7,35,30800.0,46
680,19,7,JC-7.5,Piston,880.0,2024,8,32,28160.0,35
681,19,7,JC-7.5,Piston,880.0,2024,9,30,26400.0,26
682,19,7,JC-7.5,Piston,880.0,2024,10,19,16720.0,46
683,19,7,JC-7.5,Piston,880.0,2024,11,16,14080.0,28
684,19,7,JC-7.5,Piston,880.0,2024,12,19,16720.0,37
685,20,7,JC-22S,Screw,4300.0,2022,1,3,12900.0,31
686,20,7,JC-22S,Screw,4300.0,2022,2,2,8600.0,36
687,20,7,JC-22S,Screw,4300.0,2022,3,3,12900.0,32
688,20,7,JC-22S,Screw,4300.0,2022,4,3,12900.0,53
689,20,7,JC-22S,Screw,4300.0,2022,5,5,21500.0,59
690,20,7,JC-22S,Screw,4300.0,2022,6,4,17200.0,32
691,20,7,JC-22S,Screw,4300.0,2022,7,4,17200.0,50
692,20,7,JC-22S,Screw,4300.0,2022,8,4,17200.0,15
693,20,7,JC-22S,Screw,4300.0,2022,9,4,17200.0,48
694,20,7,JC-22S,Screw,4300.0,2022,10,3,12900.0,27
695,20,7,JC-22S,Screw,4300.0,2022,11,2,8600.0,20
696,20,7,JC-22S,Screw,4300.0,2022,12,3,12900.0,30
697,20,7,JC-22S,Screw,4300.0,2023,1,2,8600.0,61
698,20,7,JC-22S,Screw,4300.0,2023,2,3,12900.0,41
699,20,7,JC-22S,Screw,4300.0,2023,3,2,8600.0,46
700,20,7,JC-22S,Screw,4300.0,2023,4,4,17200.0,50
701,20,7,JC-22S,Screw,4300.0,2023,5,5,21500.0,63
702,20,7,JC-22S,Screw,4300.0,2023,6,3,12900.0,30
703,20,7,JC-22S,Screw,4300.0,2023,7,4,17200.0,59
704,20,7,JC-22S,Screw,4300.0,2023,8,3,12900.0,45
705,20,7,JC-22S,Screw,4300.0,2023,9,3,12900.0,56
706,20,7,JC-22S,Screw,4300.0,2023,10,5,21500.0,60
707,20,7,JC-22S,Screw,4300.0,2023,11,3,12900.0,46
708,20,7,JC-22S,Screw,4300.0,2023,12,3,12900.0,43
709,20,7,JC-22S,Screw,4300.0,2024,1,2,8600.0,65
710,20,7,JC-22S,Screw,4300.0,2024,2,3,12900.0,16
711,20,7,JC-22S,Screw,4300.0,2024,3,4,17200.0,20
712,20,7,JC-22S,Screw,4300.0,2024,4,5,21500.0,33
713,20,7,JC-22S,Screw,4300.0,2024,5,5,21500.0,29
714,20,7,JC-22S,Screw,4300.0,2024,6,5,21500.0,40
715,20,7,JC-22S,Screw,4300.0,2024,7,4,17200.0,59
716,20,7,JC-22S,Screw,4300.0,2024,8,6,25800.0,30
717,20,7,JC-22S,Screw,4300.0,2024,9,5,21500.0,34
718,20,7,JC-22S,Screw,4300.0,2024,10,5,21500.0,57
719,20,7,JC-22S,Screw,4300.0,2024,11,2,8600.0,52
720,20,7,JC-22S,Screw,4300.0,2024,12,3,12900.0,38
721,21,8,SC-5.5,Piston,780.0,2022,1,20,15600.0,45
722,21,8,SC-5.5,Piston,780.0,2022,2,14,10920.0,50
723,21,8,SC-5.5,Piston,780.0,2022,3,15,11700.0,48
724,21,8,SC-5.5,Piston,780.0,2022,4,31,24180.0,37
725,21,8,SC-5.5,Piston,780.0,2022,5,31,24180.0,42
726,21,8,SC-5.5,Piston,780.0,2022,6,37,28860.0,62
727,21,8,SC-5.5,Piston,780.0,2022,7,22,17160.0,50
728,21,8,SC-5.5,Piston,780.0,2022,8,32,24960.0,36
729,21,8,SC-5.5,Piston,780.0,2022,9,21,16380.0,37
730,21,8,SC-5.5,Piston,780.0,2022,10,18,14040.0,59
731,21,8,SC-5.5,Piston,780.0,2022,11,16,12480.0,44
732,21,8,SC-5.5,Piston,780.0,2022,12,22,17160.0,32
733,21,8,SC-5.5,Piston,780.0,2023,1,18,14040.0,34
734,21,8,SC-5.5,Piston,780.0,2023,2,18,14040.0,31
735,21,8,SC-5.5,Piston,780.0,2023,3,20,15600.0,29
736,21,8,SC-5.5,Piston,780.0,2023,4,35,27300.0,22
737,21,8,SC-5.5,Piston,780.0,2023,5,29,22620.0,61
738,21,8,SC-5.5,Piston,780.0,2023,6,39,30420.0,27
739,21,8,SC-5.5,Piston,780.0,2023,7,29,22620.0,35
740,21,8,SC-5.5,Piston,780.0,2023,8,26,20280.0,22
741,21,8,SC-5.5,Piston,780.0,2023,9,26,20280.0,62
742,21,8,SC-5.5,Piston,780.0,2023,10,21,16380.0,49
743,21,8,SC-5.5,Piston,780.0,2023,11,25,19500.0,63
744,21,8,SC-5.5,Piston,780.0,2023,12,19,14820.0,59
745,21,8,SC-5.5,Piston,780.0,2024,1,15,11700.0,26
746,21,8,SC-5.5,Piston,780.0,2024,2,23,17940.0,27
747,21,8,SC-5.5,Piston,780.0,2024,3,21,16380.0,28
748,21,8,SC-5.5,Piston,780.0,2024,4,31,24180.0,62
749,21,8,SC-5.5,Piston,780.0,2024,5,41,31980.0,45
750,21,8,SC-5.5,Piston,780.0,2024,6,36,28080.0,32
751,21,8,SC-5.5,Piston,780.0,2024,7,24,18720.0,61
752,21,8,SC-5.5,Piston,780.0,2024,8,38,29640.0,52
753,21,8,SC-5.5,Piston,780.0,2024,9,31,24180.0,63
754,21,8,SC-5.5,Piston,780.0,2024,10,23,17940.0,48
755,21,8,SC-5.5,Piston,780.0,2024,11,18,14040.0,53
756,21,8,SC-5.5,Piston,780.0,2024,12,24,18720.0,33
757,22,8,SC-18S,Screw,3400.0,2022,1,3,10200.0,21
758,22,8,SC-18S,Screw,3400.0,2022,2,3,10200.0,27
759,22,8,SC-18S,Screw,3400.0,2022,3,5,17000.0,33
760,22,8,SC-18S,Screw,3400.0,2022,4,6,20400.0,29
761,22,8,SC-18S,Screw,3400.0,2022,5,4,13600.0,38
762,22,8,SC-18S,Screw,3400.0,2022,6,5,17000.0,26
763,22,8,SC-18S,Screw,3400.0,2022,7,4,13600.0,34
764,22,8,SC-18S,Screw,3400.0,2022,8,6,20400.0,15
765,22,8,SC-18S,Screw,3400.0,2022,9,3,10200.0,60
766,22,8,SC-18S,Screw,3400.0,2022,10,4,13600.0,49
767,22,8,SC-18S,Screw,3400.0,2022,11,4,13600.0,23
768,22,8,SC-18S,Screw,3400.0,2022,12,4,13600.0,32
769,22,8,SC-18S,Screw,3400.0,2023,1,3,10200.0,17
770,22,8,SC-18S,Screw,3400.0,2023,2,4,13600.0,18
771,22,8,SC-18S,Screw,3400.0,2023,3,3,10200.0,50
772,22,8,SC-18S,Screw,3400.0,2023,4,6,20400.0,33
773,22,8,SC-18S,Screw,3400.0,2023,5,4,13600.0,59
774,22,8,SC-18S,Screw,3400.0,2023,6,6,20400.0,23
775,22,8,SC-18S,Screw,3400.0,2023,7,7,23800.0,55
776,22,8,SC-18S,Screw,3400.0,2023,8,4,13600.0,63
777,22,8,SC-18S,Screw,3400.0,2023,9,4,13600.0,46
778,22,8,SC-18S,Screw,3400.0,2023,10,5,17000.0,21
779,22,8,SC-18S,Screw,3400.0,2023,11,5,17000.0,15
780,22,8,SC-18S,Screw,3400.0,2023,12,4,13600.0,51
781,22,8,SC-18S,Screw,3400.0,2024,1,3,10200.0,33
782,22,8,SC-18S,Screw,3400.0,2024,2,3,10200.0,45
783,22,8,SC-18S,Screw,3400.0,2024,3,3,10200.0,45
784,22,8,SC-18S,Screw,3400.0,2024,4,5,17000.0,43
785,22,8,SC-18S,Screw,3400.0,2024,5,5,17000.0,36
786,22,8,SC-18S,Screw,3400.0,2024,6,8,27200.0,26
787,22,8,SC-18S,Screw,3400.0,2024,7,6,20400.0,18
788,22,8,SC-18S,Screw,3400.0,2024,8,5,17000.0,31
789,22,8,SC-18S,Screw,3400.0,2024,9,5,17000.0,45
790,22,8,SC-18S,Screw,3400.0,2024,10,6,20400.0,22
791,22,8,SC-18S,Screw,3400.0,2024,11,3,10200.0,19
792,22,8,SC-18S,Screw,3400.0,2024,12,4,13600.0,40
793,23,8,SC-55S,Screw,11000.0,2022,1,0,0.0,46
794,23,8,SC-55S,Screw,11000.0,2022,2,0,0.0,19
795,23,8,SC-55S,Screw,11000.0,2022,3,0,0.0,51
796,23,8,SC-55S,Screw,11000.0,2022,4,1,11000.0,55
797,23,8,SC-55S,Screw,11000.0,2022,5,1,11000.0,58
798,23,8,SC-55S,Screw,11000.0,2022,6,1,11000.0,18
799,23,8,SC-55S,Screw,11000.0,2022,7,1,11000.0,24
800,23,8,SC-55S,Screw,11000.0,2022,8,1,11000.0,24
801,23,8,SC-55S,Screw,11000.0,2022,9,1,11000.0,51
802,23,8,SC-55S,Screw,11000.0,2022,10,0,0.0,34
803,23,8,SC-55S,Screw,11000.0,2022,11,0,0.0,20
804,23,8,SC-55S,Screw,11000.0,2022,12,0,0.0,30
805,23,8,SC-55S,Screw,11000.0,2023,1,0,0.0,22
806,23,8,SC-55S,Screw,11000.0,2023,2,0,0.0,50
807,23,8,SC-55S,Screw,11000.0,2023,3,1,11000.0,63
808,23,8,SC-55S,Screw,11000.0,2023,4,1,11000.0,41
809,23,8,SC-55S,Screw,11000.0,2023,5,1,11000.0,53
810,23,8,SC-55S,Screw,11000.0,2023,6,1,11000.0,53
811,23,8,SC-55S,Screw,11000.0,2023,7,1,11000.0,65
812,23,8,SC-55S,Screw,11000.0,2023,8,1,11000.0,54
813,23,8,SC-55S,Screw,11000.0,2023,9,0,0.0,29
814,23,8,SC-55S,Screw,11000.0,2023,10,1,11000.0,64
815,23,8,SC-55S,Screw,11000.0,2023,11,1,11000.0,48
816,23,8,SC-55S,Screw,11000.0,2023,12,0,0.0,39
817,23,8,SC-55S,Screw,11000.0,2024,1,0,0.0,43
818,23,8,SC-55S,Screw,11000.0,2024,2,0,0.0,43
819,23,8,SC-55S,Screw,11000.0,2024,3,0,0.0,34
820,23,8,SC-55S,Screw,11000.0,2024,4,1,11000.0,52
821,23,8,SC-55S,Screw,11000.0,2024,5,1,11000.0,42
822,23,8,SC-55S,Screw,11000.0,2024,6,0,0.0,34
823,23,8,SC-55S,Screw,11000.0,2024,7,1,11000.0,51
824,23,8,SC-55S,Screw,11000.0,2024,8,1,11000.0,54
825,23,8,SC-55S,Screw,11000.0,2024,9,1,11000.0,18
826,23,8,SC-55S,Screw,11000.0,2024,10,1,11000.0,54
827,23,8,SC-55S,Screw,11000.0,2024,11,0,0.0,62
828,23,8,SC-55S,Screw,11000.0,2024,12,0,0.0,21
829,24,9,KS-7A,Screw,1800.0,2022,1,8,14400.0,63
830,24,9,KS-7A,Screw,1800.0,2022,2,7,12600.0,28
831,24,9,KS-7A,Screw,1800.0,2022,3,7,12600.0,55
832,24,9,KS-7A,Screw,1800.0,2022,4,11,19800.0,28
833,24,9,KS-7A,Screw,1800.0,2022,5,10,18000.0,31
834,24,9,KS-7A,Screw,1800.0,2022,6,11,19800.0,57
835,24,9,KS-7A,Screw,1800.0,2022,7,12,21600.0,20
836,24,9,KS-7A,Screw,1800.0,2022,8,11,19800.0,25
837,24,9,KS-7A,Screw,1800.0,2022,9,14,25200.0,30
838,24,9,KS-7A,Screw,1800.0,2022,10,9,16200.0,26
839,24,9,KS-7A,Screw,1800.0,2022,11,9,16200.0,50
840,24,9,KS-7A,Screw,1800.0,2022,12,8,14400.0,19
841,24,9,KS-7A,Screw,1800.0,2023,1,5,9000.0,25
842,24,9,KS-7A,Screw,1800.0,2023,2,8,14400.0,15
843,24,9,KS-7A,Screw,1800.0,2023,3,7,12600.0,41
844,24,9,KS-7A,Screw,1800.0,2023,4,16,28800.0,43
845,24,9,KS-7A,Screw,1800.0,2023,5,10,18000.0,59
846,24,9,KS-7A,Screw,1800.0,2023,6,13,23400.0,53
847,24,9,KS-7A,Screw,1800.0,2023,7,9,16200.0,45
848,24,9,KS-7A,Screw,1800.0,2023,8,16,28800.0,33
849,24,9,KS-7A,Screw,1800.0,2023,9,12,21600.0,17
850,24,9,KS-7A,Screw,1800.0,2023,10,11,19800.0,29
851,24,9,KS-7A,Screw,1800.0,2023,11,7,12600.0,33
852,24,9,KS-7A,Screw,1800.0,2023,12,9,16200.0,60
853,24,9,KS-7A,Screw,1800.0,2024,1,6,10800.0,33
854,24,9,KS-7A,Screw,1800.0,2024,2,10,18000.0,59
855,24,9,KS-7A,Screw,1800.0,2024,3,8,14400.0,44
856,24,9,KS-7A,Screw,1800.0,2024,4,10,18000.0,19
857,24,9,KS-7A,Screw,1800.0,2024,5,10,18000.0,58
858,24,9,KS-7A,Screw,1800.0,2024,6,14,25200.0,29
859,24,9,KS-7A,Screw,1800.0,2024,7,14,25200.0,31
860,24,9,KS-7A,Screw,1800.0,2024,8,9,16200.0,65
861,24,9,KS-7A,Screw,1800.0,2024,9,14,25200.0,65
862,24,9,KS-7A,Screw,1800.0,2024,10,11,19800.0,55
863,24,9,KS-7A,Screw,1800.0,2024,11,10,18000.0,52
864,24,9,KS-7A,Screw,1800.0,2024,12,8,14400.0,57
865,25,9,KS-15A,Screw,3200.0,2022,1,3,9600.0,27
866,25,9,KS-15A,Screw,3200.0,2022,2,4,12800.0,42
867,25,9,KS-15A,Screw,3200.0,2022,3,4,12800.0,22
868,25,9,KS-15A,Screw,3200.0,2022,4,5,16000.0,49
869,25,9,KS-15A,Screw,3200.0,2022,5,8,25600.0,29
870,25,9,KS-15A,Screw,3200.0,2022,6,9,28800.0,56
871,25,9,KS-15A,Screw,3200.0,2022,7,6,19200.0,24
872,25,9,KS-15A,Screw,3200.0,2022,8,5,16000.0,32
873,25,9,KS-15A,Screw,3200.0,2022,9,6,19200.0,24
874,25,9,KS-15A,Screw,3200.0,2022,10,5,16000.0,19
875,25,9,KS-15A,Screw,3200.0,2022,11,3,9600.0,18
876,25,9,KS-15A,Screw,3200.0,2022,12,3,9600.0,25
877,25,9,KS-15A,Screw,3200.0,2023,1,4,12800.0,65
878,25,9,KS-15A,Screw,3200.0,2023,2,4,12800.0,34
879,25,9,KS-15A,Screw,3200.0,2023,3,3,9600.0,53
880,25,9,KS-15A,Screw,3200.0,2023,4,5,16000.0,62
881,25,9,KS-15A,Screw,3200.0,2023,5,6,19200.0,51
882,25,9,KS-15A,Screw,3200.0,2023,6,8,25600.0,33
883,25,9,KS-15A,Screw,3200.0,2023,7,5,16000.0,43
884,25,9,KS-15A,Screw,3200.0,2023,8,5,16000.0,22
885,25,9,KS-15A,Screw,3200.0,2023,9,7,22400.0,44
886,25,9,KS-15A,Screw,3200.0,2023,10,4,12800.0,59
887,25,9,KS-15A,Screw,3200.0,2023,11,5,16000.0,34
888,25,9,KS-15A,Screw,3200.0,2023,12,3,9600.0,59
889,25,9,KS-15A,Screw,3200.0,2024,1,3,9600.0,40
890,25,9,KS-15A,Screw,3200.0,2024,2,3,9600.0,32
891,25,9,KS-15A,Screw,3200.0,2024,3,6,19200.0,47
892,25,9,KS-15A,Screw,3200.0,2024,4,8,25600.0,49
893,25,9,KS-15A,Screw,3200.0,2024,5,9,28800.0,46
894,25,9,KS-15A,Screw,3200.0,2024,6,7,22400.0,43
895,25,9,KS-15A,Screw,3200.0,2024,7,8,25600.0,20
896,25,9,KS-15A,Screw,3200.0,2024,8,5,16000.0,53
897,25,9,KS-15A,Screw,3200.0,2024,9,6,19200.0,17
898,25,9,KS-15A,Screw,3200.0,2024,10,7,22400.0,42
899,25,9,KS-15A,Screw,3200.0,2024,11,3,9600.0,62
900,25,9,KS-15A,Screw,3200.0,2024,12,3,9600.0,35
901,26,9,KS-37A,Screw,6500.0,2022,1,1,6500.0,53
902,26,9,KS-37A,Screw,6500.0,2022,2,1,6500.0,31
903,26,9,KS-37A,Screw,6500.0,2022,3,2,13000.0,16
904,26,9,KS-37A,Screw,6500.0,2022,4,3,19500.0,20
905,26,9,KS-37A,Screw,6500.0,2022,5,3,19500.0,29
906,26,9,KS-37A,Screw,6500.0,2022,6,4,26000.0,58
907,26,9,KS-37A,Screw,6500.0,2022,7,4,26000.0,51
908,26,9,KS-37A,Screw,6500.0,2022,8,2,13000.0,52
909,26,9,KS-37A,Screw,6500.0,2022,9,2,13000.0,16
910,26,9,KS-37A,Screw,6500.0,2022,10,2,13000.0,63
911,26,9,KS-37A,Screw,6500.0,2022,11,2,13000.0,58
912,26,9,KS-37A,Screw,6500.0,2022,12,1,6500.0,32
913,26,9,KS-37A,Screw,6500.0,2023,1,2,13000.0,51
914,26,9,KS-37A,Screw,6500.0,2023,2,2,13000.0,17
915,26,9,KS-37A,Screw,6500.0,2023,3,2,13000.0,63
916,26,9,KS-37A,Screw,6500.0,2023,4,3,19500.0,63
917,26,9,KS-37A,Screw,6500.0,2023,5,3,19500.0,26
918,26,9,KS-37A,Screw,6500.0,2023,6,4,26000.0,45
919,26,9,KS-37A,Screw,6500.0,2023,7,4,26000.0,48
920,26,9,KS-37A,Screw,6500.0,2023,8,2,13000.0,56
921,26,9,KS-37A,Screw,6500.0,2023,9,4,26000.0,43
922,26,9,KS-37A,Screw,6500.0,2023,10,2,13000.0,32
923,26,9,KS-37A,Screw,6500.0,2023,11,3,19500.0,26
924,26,9,KS-37A,Screw,6500.0,2023,12,2,13000.0,52
925,26,9,KS-37A,Screw,6500.0,2024,1,2,13000.0,42
926,26,9,KS-37A,Screw,6500.0,2024,2,1,6500.0,55
927,26,9,KS-37A,Screw,6500.0,2024,3,2,13000.0,46
928,26,9,KS-37A,Screw,6500.0,2024,4,3,19500.0,20
929,26,9,KS-37A,Screw,6500.0,2024,5,4,26000.0,45
930,26,9,KS-37A,Screw,6500.0,2024,6,3,19500.0,37
931,26,9,KS-37A,Screw,6500.0,2024,7,2,13000.0,41
932,26,9,KS-37A,Screw,6500.0,2024,8,4,26000.0,36
933,26,9,KS-37A,Screw,6500.0,2024,9,4,26000.0,35
934,26,9,KS-37A,Screw,6500.0,2024,10,3,19500.0,57
935,26,9,KS-37A,Screw,6500.0,2024,11,2,13000.0,21
936,26,9,KS-37A,Screw,6500.0,2024,12,2,13000.0,25
937,27,10,DA-7A,Screw,1650.0,2022,1,5,8250.0,36
938,27,10,DA-7A,Screw,1650.0,2022,2,10,16500.0,41
939,27,10,DA-7A,Screw,1650.0,2022,3,7,11550.0,59
940,27,10,DA-7A,Screw,1650.0,2022,4,13,21450.0,46
941,27,10,DA-7A,Screw,1650.0,2022,5,12,19800.0,33
942,27,10,DA-7A,Screw,1650.0,2022,6,15,24750.0,57
943,27,10,DA-7A,Screw,1650.0,2022,7,15,24750.0,40
944,27,10,DA-7A,Screw,1650.0,2022,8,15,24750.0,63
945,27,10,DA-7A,Screw,1650.0,2022,9,10,16500.0,50
946,27,10,DA-7A,Screw,1650.0,2022,10,8,13200.0,17
947,27,10,DA-7A,Screw,1650.0,2022,11,7,11550.0,44
948,27,10,DA-7A,Screw,1650.0,2022,12,11,18150.0,20
949,27,10,DA-7A,Screw,1650.0,2023,1,10,16500.0,35
950,27,10,DA-7A,Screw,1650.0,2023,2,9,14850.0,31
951,27,10,DA-7A,Screw,1650.0,2023,3,11,18150.0,35
952,27,10,DA-7A,Screw,1650.0,2023,4,15,24750.0,22
953,27,10,DA-7A,Screw,1650.0,2023,5,12,19800.0,64
954,27,10,DA-7A,Screw,1650.0,2023,6,19,31350.0,40
955,27,10,DA-7A,Screw,1650.0,2023,7,13,21450.0,47
956,27,10,DA-7A,Screw,1650.0,2023,8,12,19800.0,15
957,27,10,DA-7A,Screw,1650.0,2023,9,13,21450.0,57
958,27,10,DA-7A,Screw,1650.0,2023,10,8,13200.0,49
959,27,10,DA-7A,Screw,1650.0,2023,11,8,13200.0,44
960,27,10,DA-7A,Screw,1650.0,2023,12,10,16500.0,41
961,27,10,DA-7A,Screw,1650.0,2024,1,6,9900.0,18
962,27,10,DA-7A,Screw,1650.0,2024,2,9,14850.0,27
963,27,10,DA-7A,Screw,1650.0,2024,3,9,14850.0,48
964,27,10,DA-7A,Screw,1650.0,2024,4,13,21450.0,38
965,27,10,DA-7A,Screw,1650.0,2024,5,13,21450.0,54
966,27,10,DA-7A,Screw,1650.0,2024,6,15,24750.0,63
967,27,10,DA-7A,Screw,1650.0,2024,7,17,28050.0,46
968,27,10,DA-7A,Screw,1650.0,2024,8,12,19800.0,55
969,27,10,DA-7A,Screw,1650.0,2024,9,14,23100.0,43
970,27,10,DA-7A,Screw,1650.0,2024,10,12,19800.0,63
971,27,10,DA-7A,Screw,1650.0,2024,11,12,19800.0,18
972,27,10,DA-7A,Screw,1650.0,2024,12,12,19800.0,28
973,28,10,DA-22A,Screw,3900.0,2022,1,3,11700.0,32
974,28,10,DA-22A,Screw,3900.0,2022,2,2,7800.0,50
975,28,10,DA-22A,Screw,3900.0,2022,3,3,11700.0,23
976,28,10,DA-22A,Screw,3900.0,2022,4,4,15600.0,33
977,28,10,DA-22A,Screw,3900.0,2022,5,6,23400.0,43
978,28,10,DA-22A,Screw,3900.0,2022,6,4,15600.0,59
979,28,10,DA-22A,Screw,3900.0,2022,7,5,19500.0,46
980,28,10,DA-22A,Screw,3900.0,2022,8,5,19500.0,22
981,28,10,DA-22A,Screw,3900.0,2022,9,4,15600.0,16
982,28,10,DA-22A,Screw,3900.0,2022,10,5,19500.0,55
983,28,10,DA-22A,Screw,3900.0,2022,11,3,11700.0,53
984,28,10,DA-22A,Screw,3900.0,2022,12,2,7800.0,30
985,28,10,DA-22A,Screw,3900.0,2023,1,3,11700.0,60
986,28,10,DA-22A,Screw,3900.0,2023,2,3,11700.0,25
987,28,10,DA-22A,Screw,3900.0,2023,3,4,15600.0,34
988,28,10,DA-22A,Screw,3900.0,2023,4,5,19500.0,50
989,28,10,DA-22A,Screw,3900.0,2023,5,5,19500.0,15
990,28,10,DA-22A,Screw,3900.0,2023,6,7,27300.0,50
991,28,10,DA-22A,Screw,3900.0,2023,7,7,27300.0,41
992,28,10,DA-22A,Screw,3900.0,2023,8,6,23400.0,20
993,28,10,DA-22A,Screw,3900.0,2023,9,4,15600.0,29
994,28,10,DA-22A,Screw,3900.0,2023,10,5,19500.0,22
995,28,10,DA-22A,Screw,3900.0,2023,11,4,15600.0,44
996,28,10,DA-22A,Screw,3900.0,2023,12,2,7800.0,22
997,28,10,DA-22A,Screw,3900.0,2024,1,4,15600.0,56
998,28,10,DA-22A,Screw,3900.0,2024,2,3,11700.0,24
999,28,10,DA-22A,Screw,3900.0,2024,3,5,19500.0,46
1000,28,10,DA-22A,Screw,3900.0,2024,4,5,19500.0,60
1001,28,10,DA-22A,Screw,3900.0,2024,5,5,19500.0,33
1002,28,10,DA-22A,Screw,3900.0,2024,6,7,27300.0,47
1003,28,10,DA-22A,Screw,3900.0,2024,7,7,27300.0,60
1004,28,10,DA-22A,Screw,3900.0,2024,8,6,23400.0,32
1005,28,10,DA-22A,Screw,3900.0,2024,9,6,23400.0,41
1006,28,10,DA-22A,Screw,3900.0,2024,10,5,19500.0,45
1007,28,10,DA-22A,Screw,3900.0,2024,11,5,19500.0,45
1008,28,10,DA-22A,Screw,3900.0,2024,12,4,15600.0,30
1009,29,10,DNA-37,Variable,8200.0,2022,1,1,8200.0,44
1010,29,10,DNA-37,Variable,8200.0,2022,2,1,8200.0,50
1011,29,10,DNA-37,Variable,8200.0,2022,3,1,8200.0,24
1012,29,10,DNA-37,Variable,8200.0,2022,4,2,16400.0,39
1013,29,10,DNA-37,Variable,8200.0,2022,5,3,24600.0,27
1014,29,10,DNA-37,Variable,8200.0,2022,6,1,8200.0,53
1015,29,10,DNA-37,Variable,8200.0,2022,7,2,16400.0,47
1016,29,10,DNA-37,Variable,8200.0,2022,8,2,16400.0,62
1017,29,10,DNA-37,Variable,8200.0,2022,9,1,8200.0,23
1018,29,10,DNA-37,Variable,8200.0,2022,10,1,8200.0,19
1019,29,10,DNA-37,Variable,8200.0,2022,11,2,16400.0,32
1020,29,10,DNA-37,Variable,8200.0,2022,12,1,8200.0,64
1021,29,10,DNA-37,Variable,8200.0,2023,1,1,8200.0,65
1022,29,10,DNA-37,Variable,8200.0,2023,2,1,8200.0,41
1023,29,10,DNA-37,Variable,8200.0,2023,3,2,16400.0,36
1024,29,10,DNA-37,Variable,8200.0,2023,4,2,16400.0,65
1025,29,10,DNA-37,Variable,8200.0,2023,5,3,24600.0,47
1026,29,10,DNA-37,Variable,8200.0,2023,6,2,16400.0,32
1027,29,10,DNA-37,Variable,8200.0,2023,7,2,16400.0,15
1028,29,10,DNA-37,Variable,8200.0,2023,8,2,16400.0,33
1029,29,10,DNA-37,Variable,8200.0,2023,9,1,8200.0,61
1030,29,10,DNA-37,Variable,8200.0,2023,10,2,16400.0,34
1031,29,10,DNA-37,Variable,8200.0,2023,11,1,8200.0,52
1032,29,10,DNA-37,Variable,8200.0,2023,12,1,8200.0,52
1033,29,10,DNA-37,Variable,8200.0,2024,1,1,8200.0,57
1034,29,10,DNA-37,Variable,8200.0,2024,2,1,8200.0,46
1035,29,10,DNA-37,Variable,8200.0,2024,3,1,8200.0,24
1036,29,10,DNA-37,Variable,8200.0,2024,4,2,16400.0,43
1037,29,10,DNA-37,Variable,8200.0,2024,5,2,16400.0,49
1038,29,10,DNA-37,Variable,8200.0,2024,6,3,24600.0,45
1039,29,10,DNA-37,Variable,8200.0,2024,7,1,8200.0,37
1040,29,10,DNA-37,Variable,8200.0,2024,8,2,16400.0,36
1041,29,10,DNA-37,Variable,8200.0,2024,9,2,16400.0,50
1042,29,10,DNA-37,Variable,8200.0,2024,10,2,16400.0,63
1043,29,10,DNA-37,Variable,8200.0,2024,11,1,8200.0,49
1044,29,10,DNA-37,Variable,8200.0,2024,12,1,8200.0,39
1045,30,10,DNA-75,Variable,15500.0,2022,1,0,0.0,44
1046,30,10,DNA-75,Variable,15500.0,2022,2,0,0.0,35
1047,30,10,DNA-75,Variable,15500.0,2022,3,0,0.0,27
1048,30,10,DNA-75,Variable,15500.0,2022,4,0,0.0,59
1049,30,10,DNA-75,Variable,15500.0,2022,5,1,15500.0,30
1050,30,10,DNA-75,Variable,15500.0,2022,6,0,0.0,51
1051,30,10,DNA-75,Variable,15500.0,2022,7,1,15500.0,39
1052,30,10,DNA-75,Variable,15500.0,2022,8,1,15500.0,29
1053,30,10,DNA-75,Variable,15500.0,2022,9,1,15500.0,64
1054,30,10,DNA-75,Variable,15500.0,2022,10,1,15500.0,41
1055,30,10,DNA-75,Variable,15500.0,2022,11,1,15500.0,17
1056,30,10,DNA-75,Variable,15500.0,2022,12,0,0.0,35
1057,30,10,DNA-75,Variable,15500.0,2023,1,0,0.0,62
1058,30,10,DNA-75,Variable,15500.0,2023,2,0,0.0,45
1059,30,10,DNA-75,Variable,15500.0,2023,3,0,0.0,60
1060,30,10,DNA-75,Variable,15500.0,2023,4,1,15500.0,39
1061,30,10,DNA-75,Variable,15500.0,2023,5,1,15500.0,39
1062,30,10,DNA-75,Variable,15500.0,2023,6,1,15500.0,57
1063,30,10,DNA-75,Variable,15500.0,2023,7,1,15500.0,65
1064,30,10,DNA-75,Variable,15500.0,2023,8,1,15500.0,56
1065,30,10,DNA-75,Variable,15500.0,2023,9,1,15500.0,24
1066,30,10,DNA-75,Variable,15500.0,2023,10,1,15500.0,46
1067,30,10,DNA-75,Variable,15500.0,2023,11,0,0.0,17
1068,30,10,DNA-75,Variable,15500.0,2023,12,0,0.0,23
1069,30,10,DNA-75,Variable,15500.0,2024,1,0,0.0,47
1070,30,10,DNA-75,Variable,15500.0,2024,2,0,0.0,52
1071,30,10,DNA-75,Variable,15500.0,2024,3,0,0.0,36
1072,30,10,DNA-75,Variable,15500.0,2024,4,1,15500.0,21
1073,30,10,DNA-75,Variable,15500.0,2024,5,0,0.0,43
1074,30,10,DNA-75,Variable,15500.0,2024,6,0,0.0,21
1075,30,10,DNA-75,Variable,15500.0,2024,7,1,15500.0,48
1076,30,10,DNA-75,Variable,15500.0,2024,8,1,15500.0,44
1077,30,10,DNA-75,Variable,15500.0,2024,9,1,15500.0,15
1078,30,10,DNA-75,Variable,15500.0,2024,10,1,15500.0,61
1079,30,10,DNA-75,Variable,15500.0,2024,11,0,0.0,24
1080,30,10,DNA-75,Variable,15500.0,2024,12,1,15500.0,41
